1,199,GTTGTAGGAGGG,0.991035
3,198,TTCTCAGTGCTC,0.954504
7,199,TGTCTAGGGCTC,0.999143
9,199,CCTGCAGGTCCC,0.999938
13,199,TCCCCAGGCCCC,0.994452
15,198,AAAACAGCTGTC,0.842174
17,199,TCCACAGGGGGA,0.813025
19,198,CCTACAGTAACT,0.937307
23,199,GAAACAGAGTCT,0.591679
27,199,TTTCCAGCCGGG,0.791951
29,199,CGGCCAGGCGCG,0.648509
33,199,TCTCAAGGACTC,0.999363
36,198,CTTCTAGATAAG,0.365873
37,198,CTTCTAGATAAG,0.365873
39,198,CATCCAGTGCTA,0.943613
41,198,CTTTCAGACATC,0.724150
42,199,CTTAAAGCTTCC,0.002823
43,198,TCTTAAGGCTTC,0.003314
47,198,TCTTCAGTATTT,0.526713
49,198,ACCACAGTATCC,0.179633
51,199,CACCGAGGGGAG,0.117162
57,199,TTTTTAGGGAAA,0.452235
60,198,TATCCAGTCAGT,0.023152
61,198,TATCCAGTCAGT,0.023152
63,199,GTTCAAGGGCCG,0.181201
65,199,CCCGCAGGATCT,0.585913
69,199,GCTTTAGGAGAA,0.974134
71,198,TCTACAGCTGAC,0.986031
73,198,CTATTAGTGGCT,0.958165
75,198,TTTTTAGATTAT,0.951574
77,199,TCCCCAGGGAAC,0.929041
79,198,TTTCCAGATACT,0.970808
81,198,CTTTCAGTTTTT,0.980781
83,199,TTTTTAGGGCCC,0.910664
85,199,TCTGCAGGGCTG,0.250866
87,199,ACCAAAGGGCAC,0.822350
88,199,GCTTCAGGGCGA,0.901459
91,199,CTCAAAGGGCAA,0.737502
95,199,GCGTGAGGATGG,0.035958
97,199,TTCAAAGGGGAA,0.849207
99,199,TTTACAGTTATG,0.996360
115,199,TTTTGAGGCTTC,0.961301
116,199,TTGTAAGCATGG,0.079191
117,198,TTTGTAGGCATG,0.954252
119,199,TTTTCAGTGCCA,0.940984
123,198,TTTGCAGTACAA,0.792456
124,199,GTCTAAGAAACA,0.039760
125,198,TGTCTAGGAAAC,0.928521
129,199,TTTCCAGGTATA,0.996839
